Ticker,Q1 2020,Q2 2020,Q3 2020,Q4 2020,Q1 2021,Q2 2021,Q3 2021,Q4 2021,Q1 2022,Q2 2022,Q3 2022,Q4 2022,Q1 2023,Q2 2023,Q3 2023,Q4 2023,Q1 2024,Q2 2024
ROSE,0,0,0,0.04120933,0.19954057,0.06648151,0.1897439934,0.4158301022,0.3042442991,0.048131206,0.0583670589,0.0348531255,0.0588002067,0.0508928276,0.0437981995,0.1373196084,0.137561818,0.0993559265
BDX,0.0413516863,0.0536438248,0.08463853,0.07485922,0.07714254,0.07736834,0.1159891292,0.097490381,0.091159222,0.0764502764,0.0528860858,0.0424034105,0.0562781204,0.0526519092,0.031511922,0.0425530084,0.0440935681,0.038694388
BAND,0.3064874841,1.0922730856,5.96662186,6.71455761,17.34142506,6.23441066,8.443790989,5.2742749229,5.4024138079,1.2943366031,1.1859768044,1.4040271846,1.7747407176,1.2817792559,1.1995677778,2.1917960473,2.2572297336,1.2310555897
AVAX,0,0,3.96110965,3.47294394,29.32971208,12.35010032,68.7170395355,113.1863358485,98.077779445,16.6604024879,16.5333779585,10.8659151387,17.2632875435,13.1191435032,9.7398979692,38.5449116835,54.1104288483,29.3608759742
AI,0,0,0,0,0,0,0,0,0,0,0,0,0,0,0,0,1.7385617521,0.6929340806
KEEP,0,0.4906049243,0.78768207,0.22952015,0.66531915,0.27024364,0.4130014065,0.7487752891,0.6960809599,0.1842971055,0.1405736844,0.0758173494,0.181341603,0.1028242065,0.0905568103,0.1180673028,0.2519640612,0.1109776765
LINK,2.270343528,4.5691888453,9.85121028,11.27053796,29.35113651,19.49723657,23.9863486108,19.5923245169,16.9109933747,6.252963363,7.5811456139,5.5686576647,7.5945685277,6.3084540831,8.1809920232,14.9461232289,19.1377277724,14.2601994714
KDA,0,0.2814057103,0.33218647,0.13607208,0.63113532,0.38754712,1.8905490434,12.218539798,7.612268301,1.481312171,1.368836837,0.8732573777,0.9588518066,0.6001607629,0.4926864565,1.3396686727,1.4574741041,0.5842927787
OM,0,0,0.13995873,0.07230302,0.47437955,0.1054431,0.2423502769,0.1528782943,0.099718993,0.037567675,0.0421364891,0.0281015325,0.0341659148,0.0230205976,0.0205322454,0.0584788092,0.7203926586,0.7796383807
APE,0,0,0,0,0,0,0,0,12.4469927474,4.5653628601,5.015116134,3.8641036404,4.1717230576,2.1753477658,1.2779016731,1.6190904769,2.0115965565,0.9849013052
XNO,0.4680792745,0.9339474493,0.83002564,1.02141422,5.21570636,5.16945071,4.4406411299,3.40317472,2.4719168675,0.8261336203,0,0,0.8855567181,0.7123013525,0.6204802059,1.0884876417,1.6242024797,0.9362269654
MANA,0.0263396412,0.0376939059,0.08384073,0.07825147,1.02742616,0.58002303,0.6882315023,3.2706709147,2.6094348388,0.8792344455,0.6981410966,0.2970127343,0.5886356998,0.3847718024,0.3091671567,0.5205830204,0.6694746004,0.3385552496
LCX,0.00139378095988,0.0120948283,0.01308966,0.05076933,0.08373491,0.02733544,0.147076584,0.214152527,0.1304744721,0.0594661153,0.0488066074,0.0323597078,0.0774746813,0.0688537933,0.0409400116,0.1040754466,0.3668538231,0.1819493106
EDU,0,0,0,0,0,0,0,0,0,0,0,0,0,0.648050542,0.4932147179,0.7046654426,1.0416174966,0.5921937697
CRO,0.0489028322,0.1249351018,0.15200488,0.05852504,0.216001,0.11534992,0.1590420846,0.5575095687,0.460358902,0.1147521873,0.1097334287,0.0557602276,0.0691679713,0.0561175863,0.0508152269,0.0989411965,0.1529133855,0.0916787444
FLR,0,0,0,0,0,0,0,0,0,0,0,0,0.0353621061,0.0147219999,0.0110864339,0.0175552847,0.0406228389,0.0243968551
AUCTION,0,0,0,0,36.94284772,14.61919127,26.3918215204,24.4280625232,16.8495055427,5.1465545475,6.3749559162,4.0583138357,5.5903243705,4.0128629499,5.6840854019,30.097568965,26.2594365481,16.5331754941
POWR,0.0532958379,0.0836917477,0.08697625,0.09476284,0.64749288,0.18032783,0.3130256928,0.4144183272,0.5972715513,0.2412749077,0.1928020411,0.1213018966,0.1958668399,0.1436641548,0.156866449,0.3671648831,0.4119201636,0.2171736972
LEO,1.044434861,1.2610979961,1.27694623,1.35832812,2.03911467,2.5446915,2.8211149347,3.7680740689,5.8084139982,5.7701467987,4.1897281289,3.6086473444,3.4807737347,3.9586611882,3.6547404793,3.9742239224,6.0038179492,5.8368544462
CKB,0.00482144924318,0.00441306699196,0.00478245,0.00392176,0.03635631,0.01230209,0.0134252137,0.0240371011,0.0134747411,0.00343486697258,0.00370464274547,0.00231611410882,0.00470410584848,0.00313005457299,0.00284231794204,0.00392491332217,0.0202876643,0.0124030159
1000SATS,0,0,0,0,0,0,0,0,0,0,0,0,0,0,0,0.00079111053375,0.00055188535557,0.00019307139164
BOME,0,0,0,0,0,0,0,0,0,0,0,0,0,0,0,0,0.0145449769,0.00987590007412
ZEC,31.0831184821,51.58265645,65.98600805,63.98937717,156.9161308,130.82248059,107.0044935732,146.5607711377,178.0190031411,54.5836280903,0,0,38.7538850434,33.8129988218,26.931853224,26.9046937588,30.4542035621,20.8727932437
IMX,0,0,0,0,0,0,0,4.9525620575,2.6127674006,0.8963345797,0.7439816103,0.3855087879,1.0532272168,0.7536703605,0.614793967,2.1359799834,3.0456968303,1.5825419967
BRETT,0,0,0,0,0,0,0,0,0,0,0,0,0,0,0,0,0.0758326191,0.156014333
MOBILE,0,0,0,0,0,0,0,0,0,0,0,0,0,0.00013983939834,0.00017411132109,0.00374885186631,0.00391094993363,0.00154894058254
ZK,0,0,0,0,0,0,0,0,0,0,0,0,0,0,0,0,0,0.1769199638
HNT,0,0.496276663,1.36889462,1.30878333,16.73272103,13.38056494,21.4963247667,41.1559253083,26.4186787447,9.1610293894,4.8069201631,1.5275814923,1.2861450213,1.3630144951,1.5121495093,6.8407907886,5.9749483363,3.4423081216
PEPE,0,0,0,0,0,0,0,0,0,0,0,0,0,1.58610085e-06,8.1367761e-07,1.29600874e-06,8.79635709e-06,1.185441208e-05
FIL,4.1237180702,12.9875613979,22.18671632,24.35386945,191.35654911,60.37255349,60.0122653625,34.2704821384,24.2539555287,5.3888569352,5.6842238329,3.0091278965,5.6882024268,3.9503704976,3.3561170141,6.9299716754,9.9654230265,4.4715926457
ATOM,1.9591774411,2.5954103126,5.36634237,6.49320336,19.11012164,12.00351561,36.2121076927,32.4697430484,28.8959950186,7.5266774637,13.0160803428,9.3485985249,11.1874499291,9.2881737205,7.2411190027,10.5919602655,12.2954563266,6.7209831845
ONG,0.0833562196,0.242733188,0.13625066,0.18428578,1.05578742,0.81736195,1.1320857119,0.7439723263,0.8760854475,0.359581428,0.3231455412,0.2130959769,0.296111564,0.2318435423,0.2286817684,0.3987031947,0.4318806375,0.3690570025
VET,0.00313208589622,0.00883224065347,0.01349869,0.01877717,0.08805684,0.09060993,0.0951272319,0.0828033818,0.0774950634,0.0227331701,0.0230592955,0.0157844851,0.0234680048,0.019690509,0.0174157966,0.0342393847,0.0461652705,0.026726995
GLMR,0,0,0,0,0,0,0,0,5.2888489421,0.6727649626,0.4482395048,0.3288177278,0.3712154057,0.2658180834,0.2377161713,0.4467071353,0.4940396204,0.2248259855
POPCAT,0,0,0,0,0,0,0,0,0,0,0,0,0,0,0,0.00812701192023,0.4099950851,0.6462356141
SLP,0,0,0.03191151,0.01799007,0.05682106,0.16999779,0.0762160507,0.0273311623,0.0238241169,0.00376126515707,0.00320760222365,0.0020334605752,0.00272645436883,0.00172552373948,0.0014871119291,0.00303785990311,0.00591194556638,0.00299093573472
LSK,0.9696418194,1.1390663944,1.17737823,1.15735027,6.45031325,2.67961955,3.0121732508,2.3525008825,2.5170346453,1.0795009111,0.9527306964,0.7183402847,1.0794326796,0.8014877056,0.7561581362,1.3023140007,2.0011789936,1.0536162932
SKL,0,0,0,0.08655264,0.70865357,0.22903323,0.343792372,0.2120502584,0.2642025216,0.0448938133,0.0378408681,0.0204000302,0.0395015819,0.0281156472,0.0233550699,0.068092221,0.119811867,0.0511303455
KUB,0,0,0,0,0,0,0,12.9559510825,8.5395845888,2.6013052442,1.3297213929,1.6732273245,1.6822887552,1.5084989145,1.0422593607,2.0637968479,2.7040876322,1.497583171
MGC,0,0,0,0,0,0,0,0,0,0,0,0,0,0,0,0,0.0210796757,0.2465238059
TWT,0,0,0.05176754,0.1361798,0.74541005,0.33769209,1.0672948418,0.7265403106,1.3061593394,0.7373290877,0.8871499454,1.4181060009,1.1612758635,0.873522595,0.7933091175,1.2209193901,1.4008798826,1.0855003566
MOG,0,0,0,0,0,0,0,0,0,0,0,0,0,0,2.871768e-08,4.011357e-08,7.4846707e-07,1.86654799e-06
GLM,0.0336306023,0.0510649813,0.10545551,0.11163598,0.66345309,0.29999962,0.5057414817,0.4557606255,0.5507597845,0.2269964225,0,0,0.2410389581,0.1834692655,0.1862164725,0.2389479463,0.6097201524,0.3528746164
PYR,0,0,0,0,0,1.91685156,8.0619962755,16.0250373996,17.5330293138,2.7223319798,3.4684015312,2.7603946575,3.7083367685,3.3110440831,3.1483501336,8.3834514959,7.3293515843,3.6634955122
CYBER,0,0,0,0,0,0,0,0,0,0,0,0,0,0,5.4084737459,6.7974345219,14.3371555317,4.8613776291
TRIBE,0,0,0,0,0,0.60898341,0.6149553053,0.9975949112,0.6169260917,0.150185045,0.2125865157,0.2014308311,0.2721400659,0.2889155562,0.2615306175,0.3428378187,0.480121553,0.4859006632
RON,0,0,0,0,0,0,0,0,1.8395788119,0.3297471023,0.2491607026,0.2736384283,0.9539299292,0.8580017748,0.4696350025,1.843381362,3.9717378707,2.1082418444
HOT,0.00033846741036,0.00053233434873,0.00048445,0.00060212,0.01681359,0.00613497,0.00791083012849,0.00733447663278,0.00648952488733,0.00209956002543,0.00203905199599,0.0014242654055,0.00215650042715,0.00137635546925,0.00103706266111,0.00242282613531,0.00343973752513,0.00183678980329
RSS3,0,0,0,0,0,0,0,0,0.2284262438,0.1473323443,0.1244699046,0.1042316222,0.1696117281,0.1096672854,0.0915040047,0.1205511618,0.5735689693,0.2082168733
MERL,0,0,0,0,0,0,0,0,0,0,0,0,0,0,0,0,0,0.3013476271
DSYNC,0,0,0,0,0,0,0,0,0,0,0,0,0,0,0,0,0.3201812271,0.1699187585
AXS,0,0,0,0.56818751,5.90786209,8.79535523,138.3181440399,96.5110735907,66.4680775855,14.1830137599,12.1469817442,6.3139123992,8.3059878495,6.2782140936,4.7844464743,8.8444632239,11.0294850998,6.039969817
SUN,0,0,0,0,0,0.02151705,0.0278678829,0.0223323441,0.0167696491,0.00581779246642,0.00714768215719,0.00517046775211,0.00642753983358,0.00551024975234,0.00566765869516,0.00823964616547,0.0159738463,0.0114711522
VTHO,0.00030181297915,0.00050101947215,0.00074423,0.00070729,0.01586904,0.00699252,0.00844471284056,0.00606480139631,0.00506477247384,0.00144148392537,0.00142839319889,0.00090466710573,0.00137004995911,0.00130277732824,0.00120075879481,0.00235077002746,0.00430750720545,0.00249072588403
ICP,0,0,0,0,0,46.85159331,50.2718397491,27.2864119306,22.569748668,5.24254306,5.903545971,4.0175715773,5.0738605228,4.1976862797,3.309208259,13.3202625939,18.7785590492,8.1588384001
ETHW,0,0,0,0,0,0,0,0,0,0,10.1864407792,2.9749094306,3.4053852601,2.1003592916,1.3802085569,3.3275183681,5.0078417457,2.5000241434
NAKA,0,0,0,0,0,0,0,1.5593162438,0.5999390564,0.090484676,0.0637674554,0.0868339624,0.3003530391,0.4417395205,0.7289057944,1.7299850583,2.1751754832,1.0395739441
PONKE,0,0,0,0,0,0,0,0,0,0,0,0,0,0,0,0,0.0665810559,0.4142392096
SYN,0,0,0,0,0,0,1.5356796436,3.3847320418,3.3294362267,0.5842030979,1.191095536,0.4787294805,0.8540617293,0.7328731503,0.3364783825,0.4616963153,1.2484416053,0.5333144323
ETH,133.593565057,226.314997358,359.93787376,737.80339769,1918.36206064,2274.54771264,3001.6790517388,3682.6329054434,3281.6428781566,1067.2987999238,1327.9786375008,1196.7712389628,1822.0221185209,1933.1889822154,1671.1618111903,2281.4713016936,3647.8563802749,3432.8890895755
MINA,0,0,0,0,0,1.42392111,4.5015900247,3.7699310962,2.7723446655,0.6188609949,0.5755201396,0.432848598,0.7410083464,0.4967235569,0.3942158431,1.3553798892,1.2389951833,0.5395025408
STX,0.0960046828,0.1272756031,0.15799009,0.48065263,1.16144198,0.85537707,1.3340978587,2.3912671452,1.5295344836,0.3852352543,0.3171303932,0.2130047395,0.8738146201,0.7002255572,0.5119330357,1.5034449042,3.6694849058,1.721788061
XMR,47.778566118,63.5367756447,108.15128813,156.57230606,246.15054571,222.2694386,250.8247475358,228.8249566144,212.700109132,112.7626347771,147.3072882002,147.2847674268,157.7071842539,168.2788066023,146.5542655276,165.0281826757,128.2857729711,167.9201276675
LTC,39.2991017235,41.467792031,46.37146092,124.69032593,197.49909288,144.13583105,153.147989234,146.5147344814,123.7160109563,53.6484275704,53.3970358658,69.9962183854,89.6841256752,108.1653290375,66.0696462842,72.7984374865,105.1834054652,75.2800016038
GMT,0,0,0,0,0,0,0,0,2.4643375676,0.810734326,0.6064652151,0.2407019017,0.3821638753,0.2286747525,0.1642777257,0.3189886227,0.371185738,0.163622016
ENJ,0.0936863405,0.1681689638,0.16080703,0.1306649,2.59034158,1.16370145,1.3068042053,2.5831802317,1.7913981976,0.5068501082,0.4524319417,0.2410617601,0.4071261424,0.2971986438,0.2245714296,0.3807019841,0.5047650759,0.1941768755
TRU,0,0,0,0.17002261,0.48723961,0.15750322,0.4946648946,0.3229557685,0.2424959082,0.0686578933,0.0518500724,0.0276917822,0.0789366203,0.041775512,0.0417681016,0.0579346709,0.154709244,0.124396557
ULTIMA,0,0,0,0,0,0,0,0,0,0,0,0,0,0,0,4844.7956968886,4902.1641550888,2697.690519163
ANKR,0.00147430400458,0.0034216127912,0.00784037,0.0084211,0.16102435,0.07922,0.0792770826,0.1003998552,0.0944591322,0.0275098778,0.0304571493,0.0153460833,0.0347697638,0.0229855334,0.0198895387,0.0285209526,0.0598928782,0.0310895027
SSV,0,0,0,0,0,0,0,8.8108983809,20.5773430905,4.1075577387,10.8468570317,10.0433554055,36.5772902089,19.2431494826,17.2126737941,26.4287643122,55.7416465329,40.7805930885
ORCA,0,0,0,0,0,0,17.2828519101,4.7992442748,2.3740797808,0.725114258,0.842217826,0.428514263,0.8433166115,0.5824594027,0.9280899452,5.7989129923,4.1721064682,1.8802021475
PAAL,0,0,0,0,0,0,0,0,0,0,0,0,0,0.00139717992354,0.020482856,0.1464707774,0.6437588581,0.2679739224
ZBU,0,0,0,0,0,0,0,0,0,0,0,0,0,0,0.9548270099,2.4669605624,4.2856910205,4.6835819662
IO,0,0,0,0,0,0,0,0,0,0,0,0,0,0,0,0,0,3.3469745495
WIN,8.552748459e-05,7.107062285e-05,8.747e-05,5.877e-05,0.0006501,0.00041699,0.00040747143787,0.00045445597484,0.00037365502077,0.00011212745538,9.900293391e-05,7.503899501e-05,8.931866799e-05,6.776354397e-05,6.256289568e-05,9.708200323e-05,0.00016889553427,9.489305328e-05
GAL,0,0,0,0,0,0,0,0,0,2.7433295026,2.4797978922,1.0396521054,1.7351696496,1.2877496645,1.3188487055,2.3226207492,4.9525313191,2.2222335366
FNSA,9.443019408,17.6122190637,10.89752801,14.34110878,299.85125287,82.71376198,110.4118261019,166.8521325037,160.4750935491,33.3849811383,29.0162599639,24.2711261873,41.3819085908,29.6354600317,19.7257306703,31.1303949731,35.4307222752,22.0304325568
NOT,0,0,0,0,0,0,0,0,0,0,0,0,0,0,0,0,0,0.0145521839
BEAM,0,0,0,0,0,0,0,0,0,0,0,0,0,0,0,0.0171316214,0.034559013,0.0163701791
HPOS10I,0,0,0,0,0,0,0,0,0,0,0,0,0,0.0132941676,0.0964857764,0.0776727438,0.0878841058,0.1194482121
GNO,10.0110328522,24.203289838,43.27115059,75.50075306,158.61846615,183.14178779,249.785680014,532.1179346052,421.4204513007,109.3217403652,0,0,113.7867969137,117.9150467864,102.2202117683,195.4497335824,354.9779492865,285.4749959469
KCS,0.9354603562,0.8710008911,0.87392051,0.69441786,5.26022694,7.41786153,10.0677550952,21.4769297117,20.4594115718,9.860937868,9.1471646399,6.4763803985,8.2911189341,6.5897356003,4.5889192285,10.2849560532,11.4846133172,10.0047246594
0X0,0,0,0,0,0,0,0,0,0,0,0,0,0.00766183302646,0.0471559235,0.0548800572,0.1382685883,0.4275796069,0.2140476459
OSMO,0,0,0,0,0,0,0,6.8970459405,8.5253156912,0.7999778265,1.0572760267,0.687364597,0.7867067734,0.4988971698,0.3195847948,1.5161584435,1.3848742545,0.5397474364
FTN,0,0,0,0,0,0,0,0,0,0,0,0,0.7293421263,0.8546187023,1.1115209144,1.3671233911,1.8024528471,2.2110082213
FXS,0,0,0,6.64578569,8.61099793,2.80929624,4.6291698663,35.0936443922,38.7163634277,4.7939704912,4.2003511606,4.4282776623,8.6159650806,5.8324906635,5.882835893,8.6021269263,7.6187129196,3.0660043211
FLOKI,0,0,0,0,0,0,6.850678917e-05,0.00011370706842,3.541869497e-05,6.14286403e-06,7.73280439e-06,8.00486252e-06,3.435409138e-05,2.67541471e-05,1.938273567e-05,3.502252537e-05,0.00024844678113,0.00017122510807
GOMINING,0,0,0,0,0,0.23462769,0.4037038672,0.3261114574,0.3089921605,0.1069564404,0.0946269173,0.0845154864,0.1090597119,0.1079697565,0.1006904984,0.2406040153,0.3340713106,0.2792796172
POND,0,0,0,0.02091103,0.22413732,0.07015687,0.0957606906,0.0688672044,0.0438096661,0.00954810200055,0.0103882228,0.00758508367713,0.00970504858049,0.00782111921001,0.00870609364115,0.0146639618,0.0344248077,0.0199415563
DGB,0.00455401439193,0.0206734915,0.02657894,0.02497331,0.0740995,0.04851245,0.0446908861,0.0333439373,0.0325251683,0.00933265582548,0.00946902178947,0.00770996279181,0.00961367050062,0.00727964519343,0.00629663800255,0.00947036621551,0.0158473385,0.00831156586834
CELO,0,1.8336326264,2.12916024,1.4419959,4.44099033,3.41537739,6.311564082,5.0963553659,3.8303406465,0.87032749,0.7581633264,0.4806634304,0.6392748868,0.5428304809,0.4648182064,0.7740834734,1.2465365315,0.6057064121
ALT,0,0,0,0,0,0,0,0,0,0,0,0,0,0,0,0,0.6154957965,0.1685057012
ILV,0,0,0,0,0,82.96402488,570.479737795,1046.4833044593,657.040969039,111.2168165491,54.579252168,38.4662640622,58.6575861073,46.1342183186,41.5909345348,90.6413694828,141.5699748917,67.0137734261
ARKM,0,0,0,0,0,0,0,0,0,0,0,0,0,0,0.4449758936,0.5852767353,2.6135840582,1.788800157
ASTR,0,0,0,0,0,0,0,0,0.2163742686,0.0427778329,0.0367836167,0.0394107556,0.0612442019,0.0443840452,0.0506591858,0.1360692685,0.1393639284,0.0683456714
DEXE,0,0,0,1.74984161,23.40533321,4.88402995,12.8437390619,11.722682438,7.3495948807,2.5416333723,2.9770506964,2.3890381553,2.8894691804,2.1275305571,2.2753930946,3.8544544744,15.3893567223,11.4400851937
PRIME,0,0,0,0,0,0,0,0,0,0,0,0,1.3205438075,1.677436366,3.8309037988,9.4778963969,21.9853255498,8.9210552765
QNT,4.0112529795,8.2087342071,8.41450863,11.23121572,41.10905027,69.61758342,289.9425281548,178.822333643,137.9370425924,53.0321070931,141.9051100966,105.6225426689,125.0798436289,107.7770337958,90.3178606265,137.6630212027,132.2422874745,76.9637565946
IPV,0,0,0,0,0,0,0,0,0,0,0,0,0,0,0,11.666984486,3.9130328867,2.6112778148
IOTA,0.1554873455,0.2260688105,0.2833457,0.29689304,1.57923882,0.86603176,1.1524992162,1.3662260098,0.8507421042,0.2683182247,0.287273684,0.1692762386,0.2169530183,0.1822687983,0.1510988996,0.3107557801,0.3514761099,0.1703190617
JST,0,0.00672767674757,0.03279408,0.02412946,0.17557899,0.05385765,0.0707100267,0.0572791659,0.0774788118,0.0284306536,0.0260106842,0.0199422037,0.026909739,0.0225179789,0.0248481561,0.031803699,0.0408322101,0.0293093718
AAVE,0,0,0,91.09664966,404.30973507,277.03879166,310.5534930559,266.0261818791,242.807907798,57.6183340675,72.7422228899,52.0458330344,73.058269612,70.6976756743,72.1310890199,109.0558950878,128.2540874943,97.2052500169
WIF,0,0,0,0,0,0,0,0,0,0,0,0,0,0,0,0.1529654812,4.5886304428,2.1989016318
XLM,0.0408460188,0.0670676151,0.07482449,0.12836955,0.41089808,0.28297797,0.2788109888,0.2673941144,0.2282771008,0.1119507467,0.1144313773,0.0711473536,0.1120837258,0.1106951965,0.1123306403,0.128959468,0.1411175826,0.0910883743
BANANA,0,0,0,0,0,0,0,0,0,0,0,0,0,0,7.9242571262,11.7917950814,42.9290919277,49.5505323965
C98,0,0,0,0,0,0,3.8199921042,2.4616083037,1.847047387,0.4736878053,0.3552284342,0.1594628341,0.2679351097,0.1610374867,0.1539253023,0.2631016661,0.4178745035,0.1797470782
NPC,0,0,0,0,0,0,0,0,0,0,0,0,0,0,0.00012590585399,0.00117286840885,0.00234658118015,0.0232138698
CTC,0.5626449596,0.2846586407,0.59330711,0.61015361,6.04638578,2.74587174,2.8326949002,2.1599391602,1.3151607769,0.3663656685,0.2895665375,0.4543679246,0.3536954528,0.2304317938,0.1417464346,0.6686824842,1.0196371864,0.4954627176
APU,0,0,0,0,0,0,0,0,0,0,0,0,0,0,0,0,4.352516288e-05,0.00048256733905
BORG,0.0218753422,0.1144543878,0.08046486,0.25762637,1.13658331,0.61445516,0.6324692216,0.594142667,0.4466357673,0.1993191632,0.1647116732,0.2006967888,0.1780144419,0.1330656004,0.1412801593,0.1832431891,0.2661543601,0.192070509
TFUEL,0.00171797560436,0.00818354140229,0.01069046,0.03335419,0.41754432,0.4113143,0.2617409532,0.1917149197,0.2101596658,0.0473849588,0.0535371294,0.0317104937,0.0538774135,0.0368048551,0.0342106336,0.0472021767,0.1036549574,0.0760607827
JASMY,0,0,0,0,1.71043116,0.01270763,0.017228344,0.0844538128,0.0299025392,0.00938264617221,0.00633989652208,0.00329789839841,0.00494664275644,0.0042403795547,0.00357282620222,0.00655456388558,0.0218426351,0.0289807423
ICX,0.2116687631,0.289586659,0.42211069,0.46470056,3.1198189,0.83625978,1.5274266125,1.2216168727,0.9895935674,0.2781078158,0.2371873097,0.141207918,0.2266665538,0.2107074872,0.1776516369,0.2671180439,0.3623501815,0.161052209
INJ,0,0,0,4.42312077,13.53010338,7.11191088,10.8219020419,8.5724024195,6.3162665387,1.2163000135,1.5664052386,1.2726416813,5.173575971,8.7304524348,7.9561166142,35.7757889267,36.806291571,23.4821595471
ID,0,0,0,0,0,0,0,0,0,0,0,0,0.4661690694,0.2805993119,0.2127251115,0.2999460484,1.041442892,0.4536422246
ACH,0,0,0.01562942,0.00324642,0.01089902,0.00224477,0.0700087467,0.0651612532,0.0428375164,0.0120388267,0.0113576356,0.00786268290971,0.0334405154,0.0199987983,0.0160347257,0.0212948325,0.0390616497,0.0233938018
H2O,0,0,0,0,0,0,0,0,0.2850288055,0.5897831761,0.2999988698,0.1151028305,0.118658413,0.1189611165,0.1106831873,0.1436405385,0.2211960499,0.1943538399
CVX,0,0,0,0,0,3.6196236,9.2444418527,47.9622482314,38.6341524686,4.0921286197,4.679766447,3.2049042358,5.0829426241,3.7926236191,3.2089684538,3.3004034418,4.202786296,3.3690585752
MX,0.0914474543,0.1211245263,0.13365293,0.13816676,0.68327507,0.56022913,1.3216224792,2.2651742904,2.7598316233,1.3038708321,0.9207524179,0.8191313687,1.9135579394,2.7018486106,2.293839627,2.7743552341,4.2746424988,4.3053624925
STRK,0,0,0,0,0,0,0,0,0,0,0,0,0,0,0,0,2.1824833143,0.6885727925
ADA,0.0305529735,0.0831164409,0.1010618,0.18139706,1.19326443,1.3834715,2.1144520972,1.3102094439,1.141850686,0.4588493368,0.4344143165,0.2464659311,0.3989232093,0.2869560719,0.254046922,0.594204769,0.6504271562,0.3921916801
GAS,1.0157293369,1.8226071212,1.58935397,1.51133593,16.84849972,6.2596614,8.051760988,5.7140761411,5.8089777851,2.6164877703,2.2768946276,1.9686128552,3.3628867897,2.6252424254,2.3811587982,6.8507192905,6.9544650987,3.7423870412
TRAC,0.00830636166439,0.0540575465,0.13814939,0.15034299,0.77601934,0.28293091,0.4480511918,1.220369394,0.6655132563,0.1854086051,0.1712996362,0.1582968928,0.3895142283,0.2551413607,0.2341056281,0.6949828355,1.1708913389,0.7938902206
XTZ,1.6150339729,2.3602825397,2.2443067,2.01508135,4.85689953,3.04139505,6.0778724853,4.3534807341,3.7191063649,1.4166085483,1.4220547239,0.7174096691,1.1183684619,0.8059897759,0.6820382676,1.0078353184,1.4010696266,0.7932902859
BTC,6438.64476637,9137.99340026,10784.49157795,29001.71982218,58918.83271375,35040.83724889,43790.8956254849,46306.4461226996,45538.6769223388,19784.7264946249,19431.7894465994,16547.4953660162,28478.4846056804,30477.2512822446,26967.9163010637,42265.185654866,71333.6479258644,62678.292079457
DYM,0,0,0,0,0,0,0,0,0,0,0,0,0,0,0,0,5.9119500896,1.500607944
DOGE,0.00181093689299,0.00231954990574,0.00263015,0.00468225,0.05365728,0.25421537,0.2042437784,0.170496186,0.1378260661,0.0660855817,0.0616527597,0.070293986,0.0770349806,0.0664785661,0.0621414355,0.0894715644,0.2200642944,0.1243049293
SUPER,0,0,0,0,3.14313691,0.42774681,0.6491991721,1.163772092,0.8698657906,0.1223340615,0.1249855357,0.0803763365,0.1284674758,0.1101839642,0.0826175961,0.6074907638,1.3435638625,0.6728472381
AUDIO,0,0,0,0.1609844,3.06408364,0.84922696,2.3746280878,1.6473024763,1.443055099,0.341366889,0.2079880712,0.1327793353,0.2757095896,0.1853836812,0.154519927,0.259589366,0.3025629256,0.1586176615
TRUMP,0,0,0,0,0,0,0,0,0,0,0,0,0,0,0.0255371651,0.2378258925,4.6665165615,6.6734840519
THETA,0.0738657279,0.2218769048,0.74459493,1.86116158,12.36709544,6.91377783,5.0490122996,4.7147377957,4.1676117664,1.1888429342,1.074354895,0.7217845163,1.0424933238,0.7299205884,0.6479270489,1.2504994965,3.0869571045,1.5601397009
DRC,0,0,0,0.0030698,0.01546559,0.00372403,0.00166762892462,0.0008180624446,0.00066501809924,0.00018836346859,0.0002079448645,0.00022679423839,0.00034130310457,0.0002457104281,0.00022069374456,0.00029842598837,0.00033644123321,0.00021382801234
GALA,0,0,0.00130227,0.00110022,0.02445547,0.00908753,0.1143001483,0.4569819817,0.2654927337,0.05299993,0.0394171153,0.0168568897,0.0405981027,0.0251531091,0.015022102,0.0303320063,0.0691440301,0.0276491548
FLZ,0,0,0,0,0,0,0,0,0,0,2.3292290043,1.460918889,3.8590607738,3.2460177237,2.5516320144,2.6462956376,2.5317088751,2.4041434362
BONK,0,0,0,0,0,0,0,0,0,0,0,0,6.2934489e-07,3.7138381e-07,2.146215e-07,1.335287931e-05,2.808499534e-05,2.258583883e-05
TON,0,0,0,0,0,0,0.7465182027,3.4889475475,1.8885002297,1.0966264032,1.3619889341,2.3067921153,2.2627437811,1.4340906139,2.127069448,2.3100354165,5.4148718785,7.6361172517
AERO,0,0,0,0,0,0,0,0,0,0,0,0,0,0,0,0,1.4346775695,0.6995930491
PCI,0.092333639,0.1424634692,0.22246425,0.14443467,2.8537876,0.45417967,0.6505994427,1.2875154295,0.8304798078,0.3054852955,0.2834174789,0.2514864041,0.1075010442,0.0540506831,0.0208022487,0.108622745,0.2572716384,0.100981147
SYS,0.0188754006,0.029217059,0.05177501,0.06041362,0.36635585,0.11181616,0.2811182322,0.9635346866,0.645186766,0.1357883809,0.171026708,0.0987450966,0.1671394599,0.1249062085,0.0863192115,0.1355920614,0.3246799587,0.1274929214
XRP,0.1745632084,0.1758704685,0.24178404,0.21984557,0.57386946,0.70637445,0.9526360496,0.8311626292,0.8145644882,0.3314477819,0.47977445,0.3399288348,0.5384916303,0.474037394,0.5154053585,0.6149412216,0.6292254905,0.4754826521
TAIKO,0,0,0,0,0,0,0,0,0,0,0,0,0,0,0,0,0,2.037728747
HONEY,0,0,0,0,0,0,0,0,0,0,0,0.0718888454,0.0178907213,0.0140917242,0.0139930943,0.1181151601,0.1496131414,0.0547933534
RPL,0.3890401501,1.7405815944,2.92801143,2.25927431,14.77487846,9.25805292,31.6157373867,41.3868618226,34.1652265668,10.503042677,24.2535166866,19.8624880534,44.0225435574,38.6358196124,21.940180258,30.1039772397,30.2486702052,19.8505503348
BONE,0,0,0,0,0,0,0.9451029175,1.5711246788,0.6839309026,0.4494969604,1.2231555686,0.8751280205,1.0739091473,0.9763847871,0.8245562522,0.6805871314,0.8574885927,0.5032340988
XAI,0,0,0,0,0,0,0,0,0,0,0,0,0,0,0,0,1.2271530803,0.4282195809
XEC,0,0,0,0,0,0,0.00024413310224,0.00011338577754,0.0001158331157,3.827796154e-05,4.012851144e-05,2.206147299e-05,3.114336742e-05,3.711878539e-05,2.543959493e-05,3.727774644e-05,6.793698263e-05,3.243103528e-05
PIXEL,0,0,0,0,0,0,0,0,0,0,0,0,0,0,0,0,0.743052861,0.2408515619
T,0,0,0,0,0,0,0,0,0.1452665589,0.0347113144,0.0296675431,0.0158274673,0.0380300594,0.022915014,0.0188934386,0.0248922876,0.0513003935,0.0234101732
STORJ,0.087665344,0.1538142427,0.51197176,0.29221151,2.84985337,0.84307283,1.0962103926,1.7478971136,1.3352057121,0.6975681097,0.4492271426,0.2460635005,0.3887138444,0.3052612955,0.4143639707,0.700138247,0.7939066702,0.385177436
MASK,0,0,0,0,21.37418317,3.55701707,10.1325839145,13.9950752064,6.02961124,1.4825873567,1.1200863762,2.0938268094,5.7133981998,3.6100824426,2.7616657003,3.6018003654,5.6135383327,2.6024281037
SUSHI,0,0,0.87369569,3.44102977,15.32142653,7.9388603,10.8162594721,8.9647049141,4.4461948588,1.0160554377,1.0346268332,0.9399762788,1.057856823,0.6924172631,0.6202713356,1.252629383,1.8880708685,0.8369282089
AXL,0,0,0,0,0,0,0,0,0,0,0,0.5039039322,0.6027833685,0.3815562527,0.336825478,1.1875978927,2.0626541128,0.6370699913
ATH,0,0,0,0,0,0,0,0,0,0,0,0,0,0,0,0,0,0.0694531238
WMT,0,0,0,0,0,0,0,0.370069985,0.6623533834,0.2163814867,0.188288266,0.1504606284,0.1823881104,0.1125903248,0.1267448763,0.1531348483,0.2343626457,0.2441995872
TRB,3.8116895092,7.2624875421,18.43653057,19.8076286,80.09109286,39.38343001,49.1907126293,35.570545096,28.7678945017,10.6058298324,14.8907723178,12.1405567623,14.4231436105,10.92736693,53.2615409634,202.0778485833,96.281909077,97.4729855855
XCH,0,0,0,0,0,295.15166387,165.122555961,100.5669258903,70.9396686652,43.4600475797,32.9908932578,28.5742037763,38.0668288051,34.2188978589,27.4999907285,37.6931332708,42.5595751981,23.2274946833
LON,0,0,0,1.9750864,7.20781502,3.08988935,2.2289840527,1.5512227906,1.1004533476,0.6182206235,0.59864631,0.5723415284,0.6233506225,0.408365946,0.5092763657,0.6247651008,0.8614181988,0.9481525618
ZIL,0.00381170089084,0.0173999254,0.01953438,0.08265417,0.17817841,0.08799553,0.0857525667,0.0747926985,0.1773235706,0.0386066697,0.0312150312,0.0158348012,0.029240096,0.0209895665,0.0177678988,0.024776215,0.0389423336,0.0177899669
GT,0.4018563388,0.4858261794,0.51580024,0.45503442,1.91313468,3.48963586,4.0283911012,6.5436586547,6.6722259272,4.1094262539,4.2886699887,3.04218483,5.166043529,4.3104577143,3.7341088667,5.1186984389,10.6022877813,7.888431198
COQ,0,0,0,0,0,0,0,0,0,0,0,0,0,0,0,2.18407661e-06,5.37790697e-06,1.73615837e-06
ZIG,0,0,0,0,0,0.06936963,0.038128846,0.1595133401,0.0447369078,0.0173909474,0.00935125253282,0.00662140337297,0.00673636617834,0.00524666794776,0.0135471294,0.0266618031,0.099639348,0.1226191147
KAS,0,0,0,0,0,0,0,0,0,0.00029971346503,0.00287856031916,0.00518982053584,0.0387704702,0.0246984811,0.0511477972,0.1122036818,0.1395115554,0.1904728712
CHEX,0,0,0,0,0.01231035,0.03702012,0.0338452305,0.078898665,0.0344212401,0.0159238233,0.0200167026,0.0136787623,0.0132066544,0.00460564121954,0.00801199648206,0.0489447535,0.2453531858,0.1340334122
BNB,12.5816060263,15.4135822071,29.29087684,37.37603315,302.06345942,303.29587691,387.0573500511,511.7083260243,428.916097119,219.3000982095,284.1923010784,246.3491895742,317.0399960631,240.369779695,214.8213045991,312.435695236,606.9086348134,581.7711182162
ETC,4.9474743972,5.7347112214,5.39844005,5.67758909,14.07975373,57.62730944,46.976049879,34.1244307376,47.2754542748,14.9171816589,27.7264981495,15.6944401443,20.7425409875,20.9663178249,16.3655990258,21.9087132845,34.311298684,23.6684909483
VANRY,0,0,0,0.07252988,0.72355602,0.11208594,0.2032366398,0.2094650567,0.1448211141,0.0330898919,0.0360744612,0.0299266916,0.0392249088,0.0265883316,0.0212024385,0.0556203461,0.2829603063,0.1354027839
MKR,279.510281077,455.847463677,569.26765674,586.95526299,2103.50585572,2668.5820562,2282.4294070761,2337.1928761671,2085.4906587376,901.7069859894,0,0,686.9022763525,830.741748882,1533.167441001,1698.0175967368,3934.0640022271,2533.2048362424
TEL,0.00010805957522,0.00020507611979,0.00021559,0.0001773,0.00770016,0.03130095,0.015236696,0.0117863127,0.00793386351998,0.00150555147625,0.0012582093868,0.00189867427282,0.00268249898978,0.00143283349071,0.00102686354168,0.00129171881661,0.00401911544671,0.00255117294027
BMX,0.00945687149378,0.0154409118,0.02510654,0.02784413,0.07551911,0.19495075,0.2864428293,0.3567759636,0.3072603616,0.2045861618,0.1813092581,0.0937656837,0.1029319731,0.1136421364,0.0996844983,0.2002635726,0.2788844535,0.3815643366
BTT,0,0,0,0,0,0,0,0,2.14528742e-06,8.0544467e-07,7.7834782e-07,6.2385605e-07,6.3449778e-07,4.7573025e-07,3.8844287e-07,1.17518261e-06,1.61623146e-06,8.7148609e-07
CHEEL,0,0,0,0,0,0,0,0,0,0,0,0,9.101432478,16.1393567993,9.8777079004,15.0922561623,17.7394011918,20.3949375459
AMP,0,0,0.00661877,0.00762948,0.02760569,0.05568842,0.0493599307,0.0490431018,0.0278673407,0.00924775063947,0.00484851224954,0.00309138610927,0.00365944631783,0.00203634281345,0.00165847574147,0.00366679103191,0.0105238841,0.00492337625341
ETHDYDX,0,0,0,0,0,0,23.465400515,8.70654628,6.9310938005,1.5586304398,1.2028197451,1.1416022351,2.4278836508,2.1291027917,2.0057055109,2.9446589873,3.4339617342,1.3931370879
BAL,0,10.7572505632,16.34287216,15.54973583,55.40498669,25.26487144,22.7520315615,19.6332558226,16.1855942064,4.6356388308,5.0320800176,5.2199395432,6.8105847544,4.8970771294,3.4518647975,4.2539742153,5.238183692,3.0202129227
FRAX,0,0,0,0.99585529,1.007308,0.99471252,0.9971503187,1.0049209521,0.9993185293,0.9983162148,0.9952951284,0.9996252768,0.9996058321,0.9995686781,0.9987431846,0.9988261735,0.9978447072,0.9970441104
ORDI,0,0,0,0,0,0,0,0,0,0,0,0,0,7.1246191616,3.7363124292,78.270730628,70.076382928,39.346933611
DOG,0,0,0,0,0,0,0,0,0,0,0,0,0,0,0,0,0,0.00614772153161
BICO,0,0,0,0,0,0,0,4.2140143162,1.8861237242,0.4778748754,0.3962469398,0.270100816,0.3733424867,0.2428623102,0.2439537057,0.3815946446,0.6667674986,0.3872234369
LRC,0.0266133579,0.0745517818,0.20514543,0.16980037,0.54743079,0.26774025,0.3652294158,2.0934444439,1.1623565112,0.3842857643,0.2960953825,0.1877086878,0.3606198277,0.2313505904,0.1798719337,0.2982912087,0.3823828973,0.179285633
BGB,0,0,0,0,0,0,0.0669969787,0.1310201818,0.2130581594,0.1364058994,0.185271904,0.1813852741,0.4026582025,0.4834692425,0.4535039605,0.5794815148,1.0472276678,1.1561837555
JOE,0,0,0,0,0,0,2.9165091756,1.9530681373,1.3792518254,0.2395149281,0.2179999612,0.1338082024,0.6067696868,0.4038187169,0.2649311429,0.6089467858,0.8795148763,0.3555307235
KLAY,0,0.1426243679,0.4782972,0.47586458,3.81555226,1.02932912,1.231733486,1.3894203283,1.1704920828,0.2330315877,0.1880838504,0.1500158488,0.2217095059,0.1710521497,0.1186519355,0.2425203616,0.2658655526,0.16050542
SAGA,0,0,0,0,0,0,0,0,0,0,0,0,0,0,0,0,0,1.3552785681
BB,0,0,0,0,0,0,0,0,0,0,0,0,0,0,0,0,0,0.4724469764
NEAR,0,0,0,1.47271783,6.09568485,2.29144441,8.024002905,14.4105212856,16.7732464989,3.3223179625,3.478400832,1.2758187256,1.9204887473,1.4681295091,1.1606206514,3.6528641173,7.3030828346,5.3020494381
WAXP,0.0296919501,0.0508932849,0.04105283,0.0363224,0.33379408,0.1182981,0.2341972043,0.4495891902,0.3469258299,0.093211904,0.086112888,0.0418178238,0.0701496243,0.0470952938,0.0460428334,0.0704035298,0.1001543578,0.0401713868
CTSI,0,0.0346720535,0.03962207,0.04566862,0.63851293,0.44122522,0.70972926,0.7141069881,0.5015722618,0.1479570157,0.1363804633,0.1050825327,0.1403901338,0.1543822209,0.1369307819,0.2125198988,0.3117146231,0.1672791505
YGG,0,0,0,0,0,0,7.6829002242,5.6065423306,3.1943032422,0.6383814409,0.3649169876,0.1649620954,0.2546134188,0.1534216578,0.2503632465,0.424830251,1.6788553635,0.5862050001
ONE,0.00218860726419,0.00443062340037,0.00570838,0.00425323,0.17684957,0.06707749,0.1500735172,0.2339781662,0.1606223154,0.0181055586,0.0197736557,0.00996353295211,0.021148772,0.0127688374,0.00970968977096,0.0187802392,0.0319131522,0.0148519336
BSV,165.404607838,158.150457868,171.84967344,163.63203734,217.08876449,146.90852121,129.4090011155,121.1824736436,94.5448158922,55.4169637008,48.9524789385,41.3037302638,36.1361718686,43.0816430177,31.5359377937,95.6840916756,102.8673303967,44.9882432896
TAO,0,0,0,0,0,0,0,0,0,0,0,0,59.8228223918,46.7511129513,54.9168982072,266.3982628791,522.9731323405,271.7104076025
LDO,0,0,0,0,1.53472547,1.62737699,4.7902843122,3.665897582,4.7907045734,0.506773814,1.4368177682,1.0801585231,2.3356124513,2.1281513769,1.6895785976,2.6432817487,2.9652505997,1.9734895068
ONT,0.3725645969,0.5753156478,0.6299437,0.44080053,1.74545228,0.74851798,0.773187544,0.6579712922,0.6527368298,0.2260879569,0.2241621237,0.1497100981,0.236287989,0.204473178,0.1720264896,0.3343215691,0.3669504016,0.2115128296
POLYX,0,0,0,0,0,0,0,0,0,0.1250845889,0.2184227133,0.1201896011,0.1669870099,0.1259958261,0.1211274023,0.1911735144,0.6663882722,0.2855283181
XVS,0,0,0,3.52297611,57.98859004,20.74731614,27.2721342959,16.0392643902,12.8670546023,4.7168542191,4.9490202212,3.8662131192,4.7490488445,4.2376906899,4.9232491243,11.6492374715,17.6357775509,6.209126398
BNX,0,0,0,0,0,0,0,0,0,0,0,0,0.6183473128,0.2682970295,0.2232883551,0.3010874874,0.5435816451,0.8509583328
BABYDOGE,0,0,0,0,0,0,6.7746e-10,2.93186e-09,3.30179e-09,1.56034e-09,1.24048e-09,9.4987e-10,2.68454e-09,1.40424e-09,1.08587e-09,1.43976e-09,2.38344e-09,1.42616e-09
MAGIC,0,0,0,0,0,0,0,3.473096736,3.5316874201,0.2421631549,0.318809018,0.5171488083,1.3884787556,0.8384763476,0.5790994641,1.0822022866,1.1360947544,0.6122165513
WAVES,0.9988815052,1.1235445144,2.56996548,6.20383543,12.1185528,16.34296973,24.2535986053,14.5458372277,54.6127477535,5.0583418883,3.8199266707,1.3104236333,2.1142804388,1.9766313455,1.5707820099,2.6719264684,3.805644352,1.0014806706
CAKE,0,0,0,0.63308305,16.85771197,14.16288243,19.6859547825,12.3347206296,9.7297280168,3.0842017217,4.5724787766,3.1642449684,3.777947313,1.5796747265,1.1892359424,3.4859843356,4.6272820132,2.1446187242
ALPH,0,0,0,0,0,0,0,0,0.1946531353,0.06938598,0.0796347726,0.0565125809,0.3266220425,0.2443172809,0.1699534673,0.9760956752,2.4277422318,1.2882678419
CFG,0,0,0,0,0,0,1.9183268455,0.900743802,0.6740184113,0.2522396056,0.286235897,0.1448057073,0.2858512583,0.2667910344,0.3310566267,0.6888450671,1.0614924611,0.5101254819
CELR,0.0015923219313,0.00352439378168,0.00534853,0.00440817,0.08354207,0.02936188,0.1382564601,0.0732535113,0.0763709406,0.0148795454,0.0153201542,0.00947410172786,0.0233454815,0.0167254309,0.0123637302,0.0216129373,0.033433158,0.0159831751
WHY,0,0,0,0,0,0,0,0,0,0,0,0,0,0,0,0,0,1.4475974e-07
BTG,7.2157525408,10.3703752689,8.03004076,8.41489091,41.66939221,50.72052436,52.1424396697,40.6000836026,42.0177703846,15.3417129612,20.4892296326,11.7237095741,15.1015550016,15.1553285155,12.7428033083,21.5754712305,52.0612905697,25.5121746335
ZEN,5.6446649908,6.7988217131,5.71406097,11.57696633,51.29534478,68.15792589,69.0255654443,60.5310724483,48.7103940673,13.0989080581,14.1021238057,9.2021885864,10.9628381162,8.7008443339,7.7835785427,8.9968316323,14.8562310659,7.0127142747
DAR,0,0,0,0,0,0,0,2.0978486461,1.1634196674,0.2916563357,0.2101177284,0.1174968736,0.1700564029,0.1089664811,0.0968165842,0.1503238216,0.2577810821,0.1252495675
MEME,0,0,0,0,0,0,0,0,0,0,0,0,0,0,0,0.0272556127,0.0395204125,0.0185398329
MOVR,0,0,0,0,0,0,354.2307473567,202.4915279714,84.6191590651,11.8255533809,10.323996378,6.181572182,8.1843734333,5.6421489803,4.1369343192,24.7780980306,21.1565789044,11.3947213711
IOTX,0.00215665757629,0.00487350672016,0.00809039,0.00632421,0.04557942,0.01907045,0.0603961141,0.1217089848,0.0968471307,0.02485054,0.0287780899,0.0209667727,0.0267153019,0.0200278821,0.0153786942,0.050692727,0.0749042583,0.0402128401
SUI,0,0,0,0,0,0,0,0,0,0,0,0,0,0.6905671752,0.5040707116,0.7784091275,1.9169183196,0.8187683677
FLUX,0.0283913875,0.0443698218,0.02640142,0.01953516,0.15560343,0.13366131,0.3702662494,2.391284492,1.7460593417,0.4184187847,0.8054598033,0.4638320643,0.6177688551,0.4556407889,0.3277506706,0.6214520302,1.3302530809,0.6383878454
AKT,0,0,0,0.82955561,5.11329724,3.56586774,3.6236826131,2.1450953108,1.4230668962,0.2403929005,0.2547702368,0.1951664655,0.3080791086,0.5753566897,0.8433196351,2.4487362703,4.7872857491,3.6437466527
BLAST,0,0,0,0,0,0,0,0,0,0,0,0,0,0,0,0,0,0.0221733242
KAVA,0.5401446654,1.2190452698,2.05073844,1.36901471,7.06195858,4.49239923,6.5508744514,4.2865737484,4.6365688811,1.7473826512,1.4544372192,0.5361642297,0.8474569712,0.9545843014,0.6502822112,0.8727104753,1.0656899372,0.4418317122
GIGA,0,0,0,0,0,0,0,0,0,0,0,0,0,0,0,0,0.00136218697809,0.00515254107016
RUNE,0.0646980663,0.3641684604,0.48728322,1.1697081,7.94239005,6.75959253,6.9632404355,6.8027164487,11.4460775988,1.8651328365,1.5712376286,1.2747605641,1.4328803576,1.028332609,1.9274837621,5.1612990883,8.7117177813,4.1524049483
DUSK,0.0182028486,0.0299554844,0.04476075,0.04499891,0.39524293,0.11713261,0.1376225616,0.9376050108,0.4907520859,0.1120026282,0.1178468012,0.0831340431,0.1802103085,0.1207528596,0.1182214526,0.1868818413,0.5732255849,0.2962179454
WLD,0,0,0,0,0,0,0,0,0,0,0,0,0,0,1.7781874823,3.6392324842,8.2221679918,2.4628661099
METIS,0,0,0,0,0,7.10510882,58.3377466816,235.7671606656,139.1859281643,19.3555559187,23.3154169509,16.2367566162,25.3110894965,19.1112173394,13.5794466935,74.1911543818,103.0713069058,48.0365363538
CRV,0,0,0.6988801,0.67228135,3.11705307,1.84074893,2.8156970459,6.0308253564,2.9489647222,0.7950869883,0.8601883021,0.5266550478,0.9070292497,0.7651444221,0.5384035131,0.6043168819,0.6930549315,0.2853678712
PEOPLE,0,0,0,0,0,0,0,0.1201149718,0.0702484729,0.0234114172,0.0218429405,0.0202163908,0.0228422503,0.0136400767,0.0105656156,0.0127860463,0.0401663112,0.0939704277
QTUM,1.2166341635,1.633768909,2.42464278,2.23278167,9.4303691,7.6801369,10.3835317686,8.7263809539,8.2646021936,2.8129061938,2.8459711395,1.8340887122,3.1086829915,2.6762977308,2.2317933296,3.720260834,4.8920040142,2.6133379654
SFP,0,0,0,0,2.94721287,0.72617339,1.023823406,1.548082103,1.0739546527,0.3403011482,0.3718650784,0.3986223973,0.4738377637,0.4707312379,0.6040664133,0.772663066,0.778043241,0.8363094433
RAY,0,0,0,0,10.413189,3.53096072,11.5448755038,6.887019079,3.651595148,0.6754980069,0.5517233976,0.1388137298,0.2530549828,0.2020351196,0.1804291826,1.2553555798,2.4710819301,1.7726841241
NTRN,0,0,0,0,0,0,0,0,0,0,0,0,0,0.4653032625,0.397281175,1.1030335382,1.1951962696,0.4670495143
OP,0,0,0,0,0,0,0,0,0,0.5206883258,0.8423681472,0.9231188267,2.2010120017,1.3336056793,1.4113911004,3.707494447,3.688945047,1.7993612327
TRX,0.0116253248,0.0163722285,0.02605891,0.02683307,0.0923122,0.06814648,0.0894260503,0.0753966888,0.0738755982,0.0647548544,0.0610138426,0.0545000494,0.065616088,0.0762046023,0.0886840846,0.1076726763,0.1229874787,0.1245265387
RENDER,0,0.085079044,0.16298752,0.10138151,1.49415619,0.48927909,0.932708259,4.5800801496,3.0575239435,0.5111059846,0.4513126086,0.4041192902,1.2764919296,2.0254062456,1.6928425027,4.4639015628,10.6583583868,7.6787854592
LUNA,0,0,0,0,0,0,0,0,0,2.1506625696,2.472429977,1.2812702169,1.2644902894,0.6443051638,0.495212862,0.8273183855,1.1573515113,0.4302106877
CVC,0.0187171972,0.0267572667,0.02641558,0.08460047,0.58167957,0.24765987,0.4359525322,0.329006618,0.3594988924,0.1328935805,0.1276376818,0.0759763272,0.1073587416,0.0832446286,0.0779251632,0.1042470466,0.2419097125,0.1065840349
PRO,0.0467915363,0.1161937705,0.09626252,0.08568714,0.80876679,0.18310201,0.8986286055,1.4716188578,1.6199581467,0.8841999429,0.5904583752,0.3608282284,0.4580007632,0.2720668459,0.2377575458,0.6158918397,2.2513329813,1.3785659716
XAUT,1662.08904254,1774.61556794,1904.92108527,1910.08602552,1727.68132376,1784.41543378,1774.1733752764,1829.8076281757,1923.1731964481,1813.9594039298,1657.3870187746,1817.2101058685,1965.1833654676,1920.5019164662,1861.7907629963,2065.9495519294,2244.5911067368,2327.4888453278
CSPR,0,0,0,0,0,0.13317558,0.1063481139,0.128659644,0.0993139891,0.0295945173,0.0287827943,0.0281250461,0.0388505252,0.0398219501,0.0327751413,0.0504920875,0.0395346924,0.0217446618
NEO,6.7993797065,10.0418881183,19.07614561,14.31770669,50.8136566,36.58042869,39.2071265004,25.7362089631,26.8972953363,8.4526806087,8.8377831192,6.1298800228,12.6101309066,9.5703655559,7.3449238246,13.9354722129,16.5306510333,11.597102598
QUBIC,0,0,0,0,0,0,0,0,0,0,0,0,0,0,0,0,7.31315e-06,3.19272289e-06
PUNDIX,0,0,0,0,0,1.14889903,1.523521607,1.0823331706,1.0580843056,0.3963232029,0.4704430083,0.318685785,0.4711006786,0.3908549637,0.3686598412,0.483292707,0.6682565763,0.3786844503
AITECH,0,0,0,0,0,0,0,0,0,0,0,0,0,0,0.0153841785,0.0161844499,0.3034834459,0.1330727265
DASH,65.1484414151,68.1802888083,68.94655187,99.60536059,222.53558705,145.26648561,165.9430998823,134.0078023288,127.0209140603,42.2749739889,41.9234274663,42.0158563076,58.4428136231,37.7078097706,27.8112779547,31.6766241598,40.043763668,24.7960905191
JUP,0,0,0,0,0,0,0,0,0,0,0,0,0,0,0,0,1.7449542629,0.8188967319
ZRX,0.1532718312,0.3358133065,0.40925442,0.35425741,1.91086175,0.7401007,0.9026371777,0.8044075727,0.7711574666,0.3274724021,0.2672793543,0.148281591,0.2963311424,0.2125807828,0.1908600059,0.3702440474,0.7601006844,0.3676781648
GMX,0,0,0,0,0,0,19.2881698896,30.3845115994,39.3186673591,16.4637492017,37.7324181062,41.3990479618,74.2583126614,56.5265884893,42.4078975346,55.0494491329,45.7691949045,29.0164380001
YFI,0,0,19122.59151731,23708.22859196,37877.27238808,33404.63143271,31362.1142031358,39119.1816579693,25186.0331555295,5799.4691539904,7882.5174194324,5137.6219508229,8560.5389527484,7259.6374861263,5558.751215444,8073.0801580097,9149.7680110928,6374.6149034218
AGI,0,0,0,0,0,0,0,0,0,0,0,0,0,0.0578827057,0.028485151,0.0524262197,0.4410099778,0.2250508904
EGLD,0,0,9.0591675,27.15672266,168.69484514,93.59197273,254.4271209593,239.7716526692,195.3184486385,51.0931752655,48.1528060796,32.9506407853,40.8982843532,35.1897730911,25.9149462567,67.9343234155,60.2263891467,29.6426677497
RSR,0.00251451061755,0.00667198568443,0.00963476,0.01995546,0.09011974,0.02430447,0.0301608329,0.0289670958,0.0203685763,0.00713663581693,0.00816523339452,0.00283313632568,0.00401950782701,0.00242244280533,0.00185522321737,0.00323981927673,0.0106866449,0.00567659577104
PENDLE,0,0,0,0,0,0.6187498,0.4631006807,0.3299397142,0.2193196015,0.0416885415,0.052686977,0.0458605884,0.362080114,0.9744578226,0.76461799,1.1863811868,5.4986073294,5.0592671247
UMA,0,2.2641269196,6.91738941,8.50169043,25.64180609,9.86907994,10.1370327761,9.4787330643,8.2262369247,2.6615400202,2.2579080478,1.5074007034,2.0738682557,1.6255174312,1.4494376368,2.2218094641,4.4132677173,2.4271378774
FTT,2.4111166272,2.8843270235,3.65734546,5.77270121,39.93974705,27.48491634,51.5672815613,38.313816114,48.8853679056,24.5326620477,24.2402854177,0.8426884241,1.3367009977,1.9369363361,1.1243830457,3.0716688043,1.9127390895,1.4231695006
WOO,0,0,0,0.02273257,0.49179526,0.71755295,0.9541974703,1.0013570343,0.5956317968,0.1594444874,0.1324029064,0.125122887,0.2082472118,0.2551456847,0.1831756909,0.3956154758,0.4881582467,0.2150922952
1INCH,0,0,0,1.0942887,4.59641693,2.53453616,3.0788504968,2.5550069563,1.9753103521,0.626727617,0.5551800727,0.3858099143,0.5208797688,0.3247630365,0.2767151326,0.4265100728,0.6183452037,0.399573353
W,0,0,0,0,0,0,0,0,0,0,0,0,0,0,0,0,0,0.3649152505
PEPECOIN,0,0,0,0,0,0,0,0,0,0,0,0,0,0.032380968,0.0126750946,0.7223280979,5.609418161,3.4654432842
RVN,0.0153512516,0.0189398168,0.01417254,0.01256817,0.1885458,0.05639772,0.0959636165,0.0985774177,0.0693884904,0.0229765773,0.0354480322,0.0184996788,0.0258888932,0.0199675254,0.0152303031,0.0210407638,0.0499347912,0.0199380185
EVER,0,0,0,0.43969881,0.60616123,0.62761194,0.3530878853,0.4119892398,0.2205841154,0.0825937463,0.0602399999,0.0254114624,0.0753797316,0.0633260445,0.0444529383,0.0376902125,0.036465986,0.0489149403
SNX,0.6066070985,1.938015047,4.76478978,7.22322598,17.66420829,7.32622968,9.5902571678,5.4999069642,6.8212973516,2.280148305,2.3760670294,1.442518198,2.5609468675,2.2948274952,2.084888908,3.8620397843,4.658856655,1.9898036433
ENA,0,0,0,0,0,0,0,0,0,0,0,0,0,0,0,0,0,0.5317305609
MRS,0,0,0,0,0,0,0,0,0,0,1.3924834526,1.3700776944,1.6230225773,1.6987243903,0.82984078,1.289376719,1.783175689,1.5681978191
MVL,0.00025003106757,0.00038886297306,0.00101393,0.00280508,0.05238063,0.01160707,0.0126586835,0.0117919833,0.0112729719,0.00446106772163,0.0045900272385,0.00308717632868,0.00398621609342,0.00300548004585,0.00316908657077,0.00470313578119,0.0075920588843,0.00384151253993
DOT,0,0,4.17391126,10.03328252,44.65221029,16.01402627,32.1052538103,29.731165677,23.2082473616,6.8438468388,6.1633002509,4.3708162005,6.2672294867,5.5019146003,4.2610089386,8.1939871474,9.6426259955,6.208573494
GRT,0,0,0,0.29668039,1.76758176,0.71996223,0.7357092249,0.6766154831,0.5167270098,0.094380676,0.0946664653,0.0565139117,0.1387286893,0.1185371313,0.0931242505,0.1841788302,0.392539588,0.2104674151
POL,0,0,0,0,0,0,0,0,0,0,0,0,0,0,0,0.9875539068,1.0036864386,0.5609236499
API3,0,0,0,1.8746164,9.16217164,2.84392907,3.820938051,4.3240692497,5.411878683,1.8361675735,1.6256379228,1.0127949343,1.5413711496,1.0665165791,1.1696975001,1.9990635624,3.6858647639,2.2166359709
ONDO,0,0,0,0,0,0,0,0,0,0,0,0,0,0,0,0,0.978696324,1.2005931237
DODO,0,0,0,0.20015941,3.94731194,0.93043934,1.3583548369,0.9235957502,0.5680490298,0.122874364,0.1434907275,0.0942955103,0.1700422737,0.1012724489,0.1045029004,0.2002657827,0.2540432325,0.1288559392
JTO,0,0,0,0,0,0,0,0,0,0,0,0,0,0,0,1.8808625479,4.1003159682,2.4155648416
SC,0.00127683581293,0.00287770157746,0.00309395,0.00312076,0.02654676,0.01330017,0.0145759532,0.0151820764,0.0120275212,0.00369449077882,0.00347024104935,0.00225794919272,0.00395228037861,0.00320082094507,0.00305840740848,0.00668081613967,0.0102719776,0.00472423617944
OZO,0,0,0,0,0,0,0,0,0,0,0,0,0,0,0.2035590749,0.2209787962,0.236017679,0.2211631969
LUNC,0.1405458477,0.2091216931,0.33458274,0.65252032,18.70057365,6.52235473,38.6016716632,85.4725421205,103.0113812472,0.00011250771603,0,0,0.0001249717839,8.743839242e-05,6.285331374e-05,0.0001386216928,0.00015885733792,8.230355282e-05
ARB,0,0,0,0,0,0,0,0,0,0,0,0,1.1998104066,1.150734421,0.969763865,1.5552059983,1.6633765528,0.8009404363
IOST,0.0030504858766,0.00552946734258,0.00591422,0.00566926,0.05353922,0.02241934,0.0548691931,0.0312841375,0.0417952558,0.0133466059,0.0117680469,0.00674563707885,0.0106849952,0.00845369765715,0.00742821080322,0.00994470303032,0.0128115843,0.00665609950864
MUMU,0,0,0,0,0,0,0,0,0,0,0,0,0,0,0,0,0,2.115689755e-05
ETHFI,0,0,0,0,0,0,0,0,0,0,0,0,0,0,0,0,6.5394027864,3.0847722221
BAT,0.1418793267,0.2519500059,0.23876088,0.19966008,1.14229799,0.61359973,0.6320659014,1.2088939238,0.867122931,0.3908713252,0.303073575,0.16611944,0.2683637226,0.1992094546,0.1800050139,0.2563186013,0.3361192007,0.1965364736
NEXO,0.1096393262,0.2092029384,0.14033367,0.55498773,2.76132287,1.47404896,1.4598230083,2.3891235381,2.3741417723,0.5802132912,0.9224608196,0.6556498278,0.7173366415,0.6437478503,0.5582995206,0.8480290109,1.3531302247,1.2085255617
ZRO,0,0,0,0,0,0,0,0,0,0,0,0,0,0,0,0,0,3.4716605478
MWC,0,0,0,0,0,0,0,0,0,0,0,0,0,0,0,0,11.867684556,18.7075177115
AZERO,0,0,0,0,0,0,0,0,2.4919357557,0.6669316404,0.9929020687,0.8587972782,1.4459555001,0.9568136686,0.8256344892,1.5623622617,1.0556434154,0.5568164605
VRSC,0,0.157387696,0.15467414,0.33469337,0.7924873,0.8716098,1.1341724205,0.6989559763,1.4069808307,0.3332803623,0.2992344305,0.3385766866,0.565728775,0.4400429284,0.4187652344,1.3197243401,1.2429783574,1.1878741787
VENOM,0,0,0,0,0,0,0,0,0,0,0,0,0,0,0,0,0,0.1273147215
TIA,0,0,0,0,0,0,0,0,0,0,0,0,0,0,0,11.8586444991,14.3130998698,6.1914545073
CORE,0,0,0,0,0,0,0,0,0,0,0,0,1.6560647242,0.8682343364,0.4144576209,0.551352863,2.6033346962,1.3301942782
SXP,0.4008303178,0.512316826,1.73799639,0.74155294,3.56451781,2.02645675,2.1802904224,2.0336672458,1.5629188679,0.3838808014,0.3547766833,0.2018781349,0.6509619368,0.3581964254,0.2898575888,0.3954889711,0.4952278991,0.2460004545
CHZ,0.00638733922987,0.0117045747,0.01148274,0.02140569,0.50691599,0.25371781,0.2617818007,0.2837130708,0.2824490398,0.0970793127,0.2349707917,0.1002255228,0.1202475168,0.075478441,0.0617161192,0.0861227153,0.1496673701,0.0757955721
ALGO,0.154653817,0.2084119487,0.34571135,0.33403989,1.36968291,0.88236766,1.6285953177,1.6600242622,0.9276305299,0.3147421963,0.352420905,0.1728184703,0.2254076796,0.1215565046,0.1032937404,0.2227767591,0.267922097,0.1441990644
COMP,0,207.32362875,119.58507968,146.20084432,552.17724349,444.55631074,326.4357297142,210.646657373,171.33697202,49.3792974135,58.4376817952,31.5836589499,42.2866914134,68.7454273441,48.0164311614,57.3493706696,79.3754901827,49.6698821667
ZETA,0,0,0,0,0,0,0,0,0,0,0,0,0,0,0,0,2.0915421314,0.8407601597
COTI,0.0167015148,0.0245915156,0.03848249,0.04692324,0.45037193,0.1520036,0.6223454827,0.3552392981,0.27245515,0.0934003479,0.1075184088,0.0535760785,0.081174719,0.0514957377,0.0407610245,0.0698819784,0.1879352299,0.0941599834
SEI,0,0,0,0,0,0,0,0,0,0,0,0,0,0,0.1246810947,0.563039212,0.824315952,0.3400109312
EDLC,0,0,0,0,0,0,0,0,0,0,0,0,0,0,0,1.0471279292,1.0599791316,1.0615156117
CFX,0,0,0,0.12729795,1.1426728,0.25191682,0.3440893037,0.226930791,0.1678451798,0.0479231581,0.0413493783,0.0221438784,0.371145654,0.2042238999,0.1361870202,0.1944806832,0.4697918802,0.1611093851
AIOZ,0,0,0,0,0,0.25985588,0.2357647466,0.4828314358,0.3256054869,0.0503282111,0.0494207775,0.0318247462,0.0284073915,0.0146453089,0.0123666996,0.1416793889,0.9407988485,0.5547900076
MNT,0,0,0,0,0,0,0,0,0,0,0,0,0,0,0.3988328187,0.6424199056,1.3165448749,0.7897503006
XEM,0.0365152143,0.0426278931,0.11374491,0.2045231,0.38299606,0.13441564,0.1466621927,0.1228637227,0.1182991539,0.038387252,0.0407749652,0.0285201588,0.0398041085,0.0289239433,0.0262209334,0.0390401896,0.0516574527,0.0147719182
UNI,0,0,3.6689251,5.44703128,31.06555543,20.77187449,26.004129319,18.3692810371,11.8631146995,4.9140648164,6.2539713162,5.2461503621,5.9461337821,5.567735175,4.6531033946,7.2291702092,12.9607811631,9.2719428979
TURBO,0,0,0,0,0,0,0,0,0,0,0,0,0,0.00019058138783,7.611079876e-05,0.0003608895828,0.00092066911498,0.00477884971301
OKB,4.3213819948,5.0561590664,6.14964025,7.77888417,16.94384807,10.9342906,15.862330441,28.8160249944,20.9077656497,12.2310733764,16.0504214304,26.0047352705,42.0099077241,44.579857879,42.7538941679,54.8013563952,63.5313990845,42.8562879971
BCH,219.627597016,221.991689288,228.00574839,343.05263379,543.23787607,526.29583477,502.5036178141,430.6395624164,384.0443511744,102.7347819486,120.0402967476,97.0721441257,124.0087906891,305.0069543167,234.3510410168,259.2629382989,680.4213045773,393.6454171973
RARE,0,0,0,0,0,0,1.6199248189,1.0144724423,0.7029984141,0.2117402848,0.1553133635,0.0999816103,0.1217647607,0.078879762,0.0627361858,0.1177299004,0.1915696063,0.0944796365
MANTA,0,0,0,0,0,0,0,0,0,0,0,0,0,0,0,0,3.0196979628,1.0486187446
NFT,0,0,0,0,0,2.65e-06,2.87281055e-06,2.93917104e-06,1.87708094e-06,6.6142655e-07,5.1195188e-07,4.3410455e-07,3.787691e-07,3.4226987e-07,3.3174031e-07,4.4512841e-07,5.7641674e-07,4.4791459e-07
ABT,0.0711298371,0.1039643344,0.0978098,0.06289803,0.23357672,0.09913432,0.1441269303,0.1459305509,0.1395089324,0.0876435555,0.132501315,0.0975948187,0.1323125096,0.0891291242,0.0664605621,0.2185923166,1.8547832801,2.3019779308
HIGH,0,0,0,0,0,0,0,12.1828866544,7.2487380518,1.2891328885,1.4042584133,0.8583091405,2.0920712772,1.2470861601,1.3405930942,1.6505354501,2.2469915494,1.9084281357
FTM,0.00304591290907,0.00605309395552,0.03851482,0.01692909,0.4231444,0.24076411,1.2054103142,2.2549009391,1.4230917526,0.2512812775,0.2251345573,0.1997002446,0.476926187,0.3042181764,0.1996268122,0.4729879258,1.0041959482,0.5890409601
HBAR,0.0326732019,0.0395085781,0.03067515,0.03304869,0.33306716,0.19421521,0.4004567201,0.3121525038,0.2485341821,0.0623856176,0.0563907755,0.0380839172,0.07287078,0.0500899202,0.0507808998,0.0859159322,0.1157279064,0.0765211667
LPT,0.6938482848,2.3093650461,2.99920827,1.46272352,23.41634057,19.62297431,16.9045675058,39.8581532398,27.74138136,9.3066434509,9.0147768466,4.5473000248,6.9942520823,4.7924138179,5.444896941,7.9325009767,18.7132632703,16.714042585
AEVO,0,0,0,0,0,0,0,0,0,0,0,0,0,0,0,0,2.9770396673,0.5233138144
PROM,0.5023495361,1.0042378395,3.08502807,1.88094394,11.55855429,11.86254006,15.9398333515,11.9410591619,9.4072770202,5.6453500107,5.7209429569,3.8241148412,4.8476279298,4.0010526287,4.0296438295,5.5574154041,14.4061448465,7.4642808712
SAND,0,0,0.04828392,0.04095559,0.75697511,0.27633852,0.8704678588,5.9309109348,3.5349564859,1.041780468,0.8140582582,0.3887762981,0.6158672267,0.4475573793,0.3225388651,0.5954817151,0.7026454365,0.3307929917
IQ,0.00103379186916,0.00173121621276,0.00188776,0.00295748,0.03072441,0.01191287,0.012886578,0.0119910849,0.0119296296,0.00418508167729,0.00483743338304,0.00442427889603,0.00631094261444,0.00446256614847,0.00489698857204,0.00566975000692,0.0149965598,0.00613584389493
CHR,0.0130670781,0.0331678156,0.03442292,0.02118104,0.41748984,0.14864062,0.2896811786,0.8094152491,0.5190125209,0.187803448,0.1521063651,0.106885162,0.1618780743,0.1289054534,0.1001319708,0.1945499963,0.4441041121,0.2310281527
ELF,0.0595924123,0.0872480517,0.10119037,0.10240457,0.46294039,0.19546342,0.636369195,0.3734606191,0.4135194892,0.1452755855,0.1296486654,0.1564341392,0.322373211,0.2764408962,0.3625349654,0.5809128727,0.6506850748,0.3549761998
FET,0.0139971314,0.0276860369,0.0686199,0.05179053,0.72992523,0.22875935,0.7227814339,0.5069101071,0.4539958941,0.074140013,0.0826465728,0.091667954,0.3667240247,0.2270444985,0.2228195388,0.6738656936,3.0523684314,1.430479307
DYDX,0,0,0,0,0,0,0,0,0,0,0,0,0,0,0,2.9348364577,3.4304785941,1.3937946431
RLC,0.3034992556,0.6152208911,0.90584061,0.73082812,2.66712615,2.94177304,3.4672088867,2.9436248688,2.2373660066,1.0306528866,1.1923951593,1.225511445,1.7213751668,1.3256522928,1.0079513178,1.7182656998,3.8891150585,2.1060852668
ANT,0.7362709831,1.3684514064,3.65806816,3.05081198,10.80584265,3.70054667,4.3219258609,13.5050283848,5.1208878456,1.5337708126,1.6871622313,2.2328583642,2.563178567,4.0106667517,5.0928590294,5.7818657371,9.2337570059,8.7693467377
MATIC,0.0110432709,0.018989949,0.02015318,0.01763311,0.35993419,1.16742825,1.1271089303,2.5271067396,1.617285535,0.4773713036,0.7774462506,0.7585168167,1.1191617755,0.6610147589,0.5332813581,0.9706084111,1.0033920686,0.5599969953
RLB,0,0,0,0,0,0,0,0,0.00274331845688,0.00116787303094,0.00217897133525,0.00210200722965,0.0180948946,0.033502825,0.1215956178,0.1285829693,0.117344587,0.0818434702
KSM,2.5609067987,9.1802704549,31.72431617,72.57250566,448.68201581,210.12110692,345.9329563585,295.7827582838,201.55637217,49.4586126613,40.6243792064,22.5057917461,32.8264649331,26.4025813597,19.7323560613,45.0351351856,48.4108316259,23.7723392849
FLOW,0,0,0,0,34.77242582,11.06514407,19.1524283674,9.2836504247,7.4653257138,1.5463651431,1.623280767,0.6569010111,0.9699045211,0.7176551423,0.4697127662,0.9095548782,1.3455296248,0.630636717
EOS,2.2231941907,2.3581393397,2.58652946,2.59797698,4.81330505,4.13584201,3.931303592,3.0359241292,2.8212503994,0.9226141461,0,0,1.1948623355,0.7508039689,0.5825650222,0.844235736,1.1031467681,0.5771973042
MEW,0,0,0,0,0,0,0,0,0,0,0,0,0,0,0,0,0.00605013903565,0.00449474852931
APT,0,0,0,0,0,0,0,0,0,0,0,3.5266597552,12.1647821741,7.3454034272,5.66793305,9.4043480808,17.091384115,7.0618539936
SAFE,0,0,0,0,0,0,0,0,0,0,0,0,0,0,0,0,0,1.4467440426
XRD,0,0,0,0,0,0,0.1234774297,0.2570727851,0.1518903155,0.0605774773,0.0598860559,0.0342202982,0.0421299011,0.0641420092,0.0592093672,0.0415063935,0.0765755495,0.0303437
AR,0,1.6605793759,4.14719254,2.57339582,27.28475729,10.96466498,57.5141858307,60.1077990177,40.8987665405,11.6365680496,9.0519048824,6.3592495289,8.3055845428,5.8693196404,4.4383545028,9.6488327023,38.7935196599,27.7903570346
WEMIX,0,0,0,0.21080968,1.04495293,0.19323128,1.9679209619,10.3363982202,4.4778049771,2.6791138592,1.7297258817,0.3621821581,1.3648269374,0.6771209588,1.0745391144,2.5411189374,2.3086191692,1.3359847995
ENS,0,0,0,0,0,0,0,41.0909668837,20.9924915095,8.9712350749,14.2231588985,10.8904853307,13.2430790859,9.3329903691,8.3472584686,9.66301195,22.4444823983,30.7022136599
BLUR,0,0,0,0,0,0,0,0,0,0,0,0,0.5770590677,0.3403128828,0.1871198639,0.4625555194,0.5993571673,0.2048647019
PAXG,1733.60549494,1776.29067804,1890.69706351,1961.23150384,1755.43447845,1794.28212866,1771.4508737292,1835.9266645128,1923.2893239201,1812.2499321468,1656.7674103628,1822.371376422,1973.9870325683,1897.4616640434,1867.6138264603,2026.4564296744,2220.9312418042,2308.7834944621
NMR,16.213733403,21.8099330874,30.80383829,22.39601248,52.35327723,36.10325007,41.1922906893,31.5391000385,31.2489093452,24.6111992331,14.8182013863,12.3279184767,19.0933159823,13.4119832857,12.6151619502,20.3597383955,36.4877521486,17.2206894337
PYTH,0,0,0,0,0,0,0,0,0,0,0,0,0,0,0,0.3240999682,1.000579372,0.323265732
XDC,0.00066934282468,0.00331495151124,0.00532309,0.00497479,0.03825957,0.07888985,0.1233774248,0.0980814163,0.057250602,0.023652407,0.0318666117,0.0253762709,0.0429864496,0.0317129214,0.0531368857,0.0582202465,0.050014655,0.029611291
